a,c,b,drb345,drb1,dqa1,dqb1,dpa1,dpb1,AAFA,AFA,AFB,AINDI,AISC,ALANAM,AMIND,API,CARB,CARHIS,CARIBI,CAU,EURCAU,FILII,HAWI,HIS,JAPI,KORI,MENAFC,MSWHIS,NAM,NCHI,SCAHIS,SCAMB,SCSEAI,VIET
A*03:01,C*07:02,B*07:02,DRB5*01:01,DRB1*15:01,DQA1*01:02,DQB1*06:02,DPA1*01:03,DPB1*04:01,0.004987923,0.004572563,0.002564064,0.001284564,0.018933585,0.020654474,0.020292437,0.000878193,0.002861734,0.01087467,0.007906996,0.022804322,0.024182027,0.000848286,0.005521932,0.009548204,0.000759018,0.000219994,0.007832389,0.010394716,0.016528109,0.00059742,0.008197016,0.006395638,0.00132319,0.00038425
A*01:01,C*07:01,B*08:01,DRB3*01:01,DRB1*03:01,DQA1*05:01,DQB1*02:01,DPA1*01:03,DPB1*04:01,0.002973268,0.002743223,0.001856778,5.62E-06,0.022023967,0.021625852,0.022131728,0.000164784,0.002209078,0.008625573,0.005071819,0.024310769,0.026253281,0.001028536,0.005710251,0.007016378,0.001751086,0.00013988,0.009882037,0.008509344,0.017317457,3.00E-05,0.006587528,0.006728254,7.34E-05,0.000188557
A*01:01,C*07:01,B*08:01,DRB3*01:01,DRB1*03:01,DQA1*05:01,DQB1*02:01,DPA1*02:01,DPB1*01:01,0.005148919,0.004388189,0.000546111,1.36E-05,0.011662035,0.011542737,0.012803568,7.90E-05,0.002003292,0.004065015,0.003112664,0.018308243,0.019517555,0.000158352,0.002477999,0.004760192,0.000177112,0.000113972,0.006022855,0.005025005,0.008827268,1.28E-05,0.005032625,0.002036805,0.000107464,7.89E-05
A*02:01,C*05:01,B*44:02,DRB4*01:01,DRB1*04:01,DQA1*03:01,DQB1*03:01,DPA1*01:03,DPB1*04:01,0.003908337,0.003599869,0.00183688,4.81E-05,0.013542619,0.013466818,0.014361242,8.08E-05,0.002547037,0.003408364,0.003035427,0.015950793,0.017037507,0.000422143,0.002979401,0.003543919,0.000623237,9.64E-06,0.004818727,0.004109642,0.010584414,2.01E-05,0.002309967,0.002770503,0.000227225,0.000192241
A*02:01,C*07:02,B*07:02,DRB5*01:01,DRB1*15:01,DQA1*01:02,DQB1*06:02,DPA1*01:03,DPB1*04:01,0.002549222,0.00239434,0.001265113,0.000359017,0.012610445,0.010145751,0.012061689,0.000315945,0.001728107,0.004350669,0.003119477,0.013235151,0.013894946,0.000302322,0.002761761,0.004476275,0.000477066,0.000118495,0.004669146,0.004862766,0.009495167,0.000111219,0.00448948,0.004165321,0.000575784,0.000164164
A*33:03,C*03:02,B*58:01,DRB3*02:02,DRB1*03:01,DQA1*05:01,DQB1*02:01,DPA1*01:03,DPB1*04:01,1.19E-05,1.98E-05,0.000152668,0.007755416,0.000452925,4.51E-17,0.000100668,0.014969502,8.45E-05,5.90E-05,0.000954838,6.57E-05,4.56E-05,0.009470389,0.00617041,8.17E-05,0.000196442,0.007926825,0.000572048,9.99E-05,0.000258535,0.024253362,0.000133883,0,0.013921005,0.020035072
A*29:02,C*16:01,B*44:03,DRB4*01:01,DRB1*07:01,DQA1*02:01,DQB1*02:01,DPA1*01:03,DPB1*04:01,0.000498308,0.000457559,0.000365208,2.40E-05,0.006998405,0.003969392,0.007185316,0.00018168,0.000533541,0.020415793,0.016349805,0.005083547,0.005058324,0.000335246,0.003577444,0.007126242,0.000223039,2.14E-05,0.002375467,0.005942281,0.010764215,3.56E-05,0.007162109,0.00077195,0.000138415,0.000106852
A*01:01,C*06:02,B*57:01,DRB4*01:01,DRB1*07:01,DQA1*02:01,DQB1*03:03,DPA1*01:03,DPB1*04:01,0.000694131,0.000644971,0.000244248,0.011244476,0.008387399,0.006086328,0.007541446,0.004552112,0.000408033,0.000816162,0.000877042,0.007892783,0.008185832,0.000208943,0.002898408,0.001837584,0.000181499,6.64E-05,0.003434107,0.00221844,0.00534031,0.000220238,0.001615563,0.001847411,0.008884062,0.00040986
A*02:07,C*01:02,B*46:01,DRB4*01:01,DRB1*09:01,DQA1*03:01,DQB1*03:03,DPA1*02:02,DPB1*05:01,2.15E-06,6.18E-06,3.72E-06,3.61E-05,0,0.00018653,0,0.009600932,4.03E-05,8.70E-06,0,3.06E-06,2.89E-06,0.005365399,0.003808647,1.20E-05,0.001431618,0.00192405,3.72E-06,1.36E-05,4.27E-15,0.026059238,2.84E-06,4.01E-05,0.006424306,0.024638593
A*24:07,C*04:01,B*35:05,DRB3*03:01,DRB1*12:02,DQA1*06:01,DQB1*03:01,DPA1*02:02,DPB1*05:01,1.07E-05,1.00E-05,0,2.05E-05,4.84E-05,0,3.36E-05,0.004942408,0,0,0,5.00E-06,4.17E-06,0.027510808,0.032550235,1.68E-05,0.00023603,1.87E-05,9.32E-14,1.61E-05,4.33E-05,0.000816063,1.88E-06,0,0.001908086,0.00783446
A*24:02,C*12:02,B*52:01,DRB5*01:02,DRB1*15:02,DQA1*01:03,DQB1*06:01,DPA1*02:01,DPB1*09:01,2.85E-06,2.65E-06,4.82E-16,4.38E-05,0,0.000298448,0,0.002380018,0,2.90E-06,1.59E-25,6.33E-06,6.71E-06,4.54E-05,0.000199898,5.40E-06,0.056536046,0.014681689,4.11E-07,6.31E-06,9.02E-06,2.13E-05,1.84E-11,0,2.26E-05,1.37E-30
A*30:01,C*17:01,B*42:01,DRB3*01:01,DRB1*03:02,DQA1*04:01,DQB1*04:02,DPA1*02:02,DPB1*01:01,0.0112958,0.010825765,0.01086997,1.84E-08,0.000263606,0.000397931,0.000191842,2.11E-05,0.013816493,0.002839537,0.003955646,2.94E-05,2.15E-05,2.25E-05,6.42E-05,0.000834689,0,0,0.000121647,0.00041722,0.001323696,0,0.000306231,0.010016609,0.000103241,0
A*33:03,C*14:03,B*44:03,DRB3*03:01,DRB1*13:02,DQA1*01:02,DQB1*06:04,DPA1*01:03,DPB1*04:01,2.34E-06,1.67E-06,3.14E-22,2.26E-05,7.21E-05,9.95E-05,2.34E-09,0.005882552,0,1.97E-06,0,6.89E-06,6.17E-06,8.23E-05,0.00058634,7.10E-06,0.025461371,0.026315902,1.13E-05,6.01E-06,1.91E-06,0.002492635,6.40E-10,0,0.000133308,0.000168787
A*24:02,C*07:02,B*07:02,DRB5*01:01,DRB1*15:01,DQA1*01:02,DQB1*06:02,DPA1*01:03,DPB1*04:01,0.001187664,0.00110654,0.000569961,0.002634294,0.004519622,0.00475282,0.005427841,0.000904951,0.000652107,0.002464409,0.001521551,0.005377614,0.005742244,0.000227185,0.001124176,0.002570494,0.000162554,0.000207375,0.00246737,0.002544399,0.003957741,0.000389851,0.003188999,0.00206486,0.001938484,0.000118259
A*33:03,C*07:01,B*44:03,DRB4*01:01,DRB1*07:01,DQA1*02:01,DQB1*02:01,DPA1*01:03,DPB1*04:01,2.54E-05,3.64E-05,1.38E-10,0.015511196,0.000676506,0,6.12E-05,0.009025372,0.000241348,1.07E-05,0.002168724,3.23E-05,1.68E-05,0.002826814,0.003291526,9.70E-05,0.000145943,0.00064194,0.000194139,0.000119949,0.000817654,0.00050825,6.56E-05,4.72E-08,0.013213737,0.007512004
A*29:02,C*16:01,B*44:03,DRB4*01:01,DRB1*07:01,DQA1*02:01,DQB1*02:01,DPA1*02:01,DPB1*11:01,0.000422406,0.000403208,0.000251808,8.59E-06,0.003517608,0.004470908,0.002820196,6.12E-05,0.000443804,0.005284398,0.005625004,0.005351562,0.005936027,0.000245912,0.000693691,0.005346193,8.17E-05,1.18E-05,0.001808198,0.00464142,0.003520946,1.03E-05,0.004013537,0.000195516,5.20E-05,5.31E-05
A*11:01,C*08:01,B*15:02,DRB3*03:01,DRB1*12:02,DQA1*06:01,DQB1*03:01,DPA1*02:02,DPB1*05:01,1.42E-06,1.53E-06,0,2.17E-05,9.43E-05,0,1.45E-25,0.006644083,0,0,0,1.14E-06,7.55E-07,0.002102996,0.00132668,9.87E-06,8.27E-05,0.000562821,4.04E-06,1.27E-07,9.61E-06,0.013088783,6.05E-06,0,0.002368136,0.028296018
A*02:01,C*03:04,B*15:01,DRB4*01:01,DRB1*04:01,DQA1*03:01,DQB1*03:02,DPA1*01:03,DPB1*04:01,0.001051745,0.000950557,0.000608386,1.12E-05,0.004669372,0.005461625,0.005575139,0.000109806,0.000544603,0.000965986,0.000412586,0.006076529,0.006529901,0.000161273,0.002982864,0.001285233,0.000288957,7.17E-05,0.00174099,0.001460639,0.003582294,1.63E-05,0.001076219,0.000579566,8.62E-05,7.77E-05
A*30:01,C*06:02,B*13:02,DRB4*01:01,DRB1*07:01,DQA1*02:01,DQB1*02:01,DPA1*02:01,DPB1*17:01,0.000280352,0.000284525,0.000180613,0.003148515,0.000936112,0.002093897,0.000278374,0.002389077,0.000267575,0.000619223,0.000474216,0.001309172,0.001323199,0.000606455,0.000187345,0.001412064,0.000163488,0.010654744,0.002886991,0.001402472,0.000764099,0.010007689,0.001176485,7.97E-15,0.002023622,0.000535665
